off_seq,CNN_std
GACGCATAAAGATGAGACGCTGG,0.9999597072601318
GCCGCATAAAGATGAGACGCTGG,0.9154433012008667
GAGGCATAAAGATGAGACGCTGG,0.9968565702438354
GTCGCATAAAGATGAGACGCTGG,0.9560085535049438
GAAGCATAAAGATGAGACGCTGG,0.997302770614624
GATGCATAAAGATGAGACGCTGG,0.8531280159950256
GGCGCATAAAGATGAGACGCTGG,0.9833752512931824
GACGGATAAAGATGAGACGCTGG,0.9984340071678162
GACACATAAAGATGAGACGCTGG,0.9997872710227966
GACGCATAATGATGAGACGCTGG,0.9169772863388062
GACGTATAAAGATGAGACGCTGG,0.9884960651397705
GACCCATAAAGATGAGACGCTGG,0.9982666969299316
GACGCATAGAGATGAGACGCTGG,0.3849496841430664
GACGCATAAGGATGAGACGCTGG,0.9994909763336182
GACGCAAAAAGATGAGACGCTGG,0.05254025757312775
GACGCATACAGATGAGACGCTGG,0.046832356601953506
GACTCATAAAGATGAGACGCTGG,0.9281655550003052
GACGCATGAAGATGAGACGCTGG,0.0048818462528288364
GACGAATAAAGATGAGACGCTGG,0.9999517202377319
GACGCATAACGATGAGACGCTGG,0.1059720441699028
GACGCGTAAAGATGAGACGCTGG,5.008895095670596e-05
GACGCATATAGATGAGACGCTGG,0.9671140313148499
GACGCATCAAGATGAGACGCTGG,0.4099070429801941
GACGCATTAAGATGAGACGCTGG,0.6686608195304871
GACGCTTAAAGATGAGACGCTGG,0.4638265371322632
GACGCAGAAAGATGAGACGCTGG,0.008662371896207333
GACGCCTAAAGATGAGACGCTGG,0.5131543278694153
GACGCACAAAGATGAGACGCTGG,0.08118154108524323
