off_seq,SpCas9_kinetic_model_kclv
GACGCATAAAGATGAGACGCTGG,0.16532914782912697
GCCGCATAAAGATGAGACGCTGG,0.1629122044805953
GAGGCATAAAGATGAGACGCTGG,0.16480642188033298
GTCGCATAAAGATGAGACGCTGG,0.1629122044805953
GAAGCATAAAGATGAGACGCTGG,0.16480642188033298
GATGCATAAAGATGAGACGCTGG,0.16480642188033298
GGCGCATAAAGATGAGACGCTGG,0.1629122044805953
GACGGATAAAGATGAGACGCTGG,0.020303020725272573
GACACATAAAGATGAGACGCTGG,0.1455065176083289
GACGCATAATGATGAGACGCTGG,0.014995052429360623
GACGTATAAAGATGAGACGCTGG,0.020303020725272573
GACCCATAAAGATGAGACGCTGG,0.1455065176083289
GACGCATAGAGATGAGACGCTGG,0.01125364909862404
GACGCATAAGGATGAGACGCTGG,0.014995052429360623
GACGCAAAAAGATGAGACGCTGG,0.00477873754364174
GACGCATACAGATGAGACGCTGG,0.01125364909862404
GACTCATAAAGATGAGACGCTGG,0.1455065176083289
GACGCATGAAGATGAGACGCTGG,0.0029009544772465455
GACGAATAAAGATGAGACGCTGG,0.020303020725272573
GACGCATAACGATGAGACGCTGG,0.014995052429360623
GACGCGTAAAGATGAGACGCTGG,0.006701355180104996
GACGCATATAGATGAGACGCTGG,0.01125364909862404
GACGCATCAAGATGAGACGCTGG,0.0029009544772465455
GACGCATTAAGATGAGACGCTGG,0.0029009544772465455
GACGCTTAAAGATGAGACGCTGG,0.006701355180104996
GACGCAGAAAGATGAGACGCTGG,0.00477873754364174
GACGCCTAAAGATGAGACGCTGG,0.006701355180104996
GACGCACAAAGATGAGACGCTGG,0.00477873754364174
