Cas9_839_ep_average_WNADist,Cas9_734_density_CA_5_SW_5,Cas9_733_kappa,Cas9_837_acc_isol_surfv,Cas9_837_accessibility,Cas9_837_entd_CA_6_WNADist,Cas9_734_kappa,Cas9_1016_sponge_CA_7_SW_5,Cas9_1015_kappa,Cas9_732_entd_LHA_5_IFR_WNASurf,Cas9_406_sponge_CA_7_IFR_SW_3,Cas9_271_kappa,Cas9_734_density_CA_5_IFR_SW_5,Cas9_731_entd_LHA_5_WNASurf,Cas9_730_acc_ifr_surfv,Cas9_837_acc_complex_surfv,Cas9_925_acc_ifr_surfv,Cas9_838_entd_CA_6_WNADist,Cas9_136_cpo_85_30_CB_WNADist,Cas9_317_density_LHA_7_IFR_SW_5,Cas9_731_avg_weighted_contact_number_k_5_WNADist
-112.12410294791759,0.7559999999999999,115.5928726196289,116.605,130.0,1.090313939599355,114.90047454833984,0.4508,25.80475616455078,0.2247532111519914,0.4443333333333333,72.90288543701172,0.7559999999999999,0.3438293650598278,14.164999999999996,103.779,64.449,0.6609522364141539,10.883267342049171,0.6318,12.000048993940778
