A136_cpo_85_30_CB_WNADist,A164_ced_LHA_4_WNADist,A268_entd_CA_5_SW_5,A317_ep_average_GN,A402_density_LHA_5_IFR_VD,A408_density_LHA_6_SW_3,A408_sponge_CA_6_IFR_SW_5,A411_side_chain_angle_3_SW_7,A415_density_CA_7_IFR_GN,A415_entd_CA_3_WNADist,A728_closeness_VD,A730_acc_ifr_surfv,A730_cpo_85_30_CB_SW_3,A732_density_CA_7_VD,A732_avg_weighted_contact_number_k_5_GN,A733_neighbors_side_chain_angle_3_VD,A733_weighted_contact_number_SW_9,A734_density_LHA_7_SW_7,A837_acc_isol_surfv,A837_ced_CA_4_VD,A837_entd_CA_5_VD,A838_entd_CA_6_WNADist,A839_ep_average_WNADist,A908_cpo_85_15_CB_WNADist,A919_density_CA_4_SW_3,A1010_solvation_4_VD,A1016_sponge_CA_7_SW_5,A1017_density_LHA_6_SW_3,A1025_avg_weighted_contact_number_k_3_SW_9,A1122_betweenness_SW_7
-0.1408528334505843,0.6785859730633512,-0.3042472795861202,-0.0008342504960059,0.2074219914412094,-0.467102747330076,-0.6070199236852161,0.010146816212958,-0.7195362657828513,-1.220444417060771,-1.332464309947656,-0.4487556265410393,0.5197885340021006,1.1689153676650494,0.4162351735218333,-0.2661464210150168,0.5499206483137151,1.5787342694879145,1.913912459026659,-0.5801766979037748,-1.0339745129380895,-0.7432281412190216,0.7428267649501961,0.2108944760150846,-1.245853483071082,-0.5774083615405374,-0.138624510864823,0.7837082759371485,-0.0510225174067756,-0.6738350620655286
